query,category
install qdrant using docker on linux server,qdrant.setup
set up qdrant cloud cluster step by step,qdrant.deployment
create a new collection with cosine distance in qdrant,qdrant.collections
configure vector size when creating qdrant collection,qdrant.collections
insert single vector point into qdrant,qdrant.vectors
bulk upsert vectors into qdrant collection,qdrant.vectors
perform similarity search in qdrant,qdrant.search
apply metadata filter during vector search in qdrant,qdrant.search
range filter numeric payload field in qdrant,qdrant.search
delete vector points by id in qdrant,qdrant.operations
delete points using filter condition in qdrant,qdrant.operations
update payload without reuploading vector in qdrant,qdrant.operations
difference between cosine dot and euclidean distance in qdrant,qdrant.vectors
optimize hnsw index parameters in qdrant,qdrant.performance
enable payload indexing for faster filtering in qdrant,qdrant.payload
configure qdrant replication in distributed cluster,qdrant.clustering
scale qdrant horizontally with shards,qdrant.scaling
backup qdrant collection using snapshot,qdrant.backup
restore qdrant collection from snapshot file,qdrant.backup
compare rest api and grpc api in qdrant,qdrant.api
connect to qdrant using python client,qdrant.integration
connect to qdrant using javascript sdk,qdrant.integration
integrate qdrant with langchain retriever,qdrant.integration
build semantic search system using qdrant,qdrant.usecase
implement recommendation engine with qdrant vectors,qdrant.usecase
store image embeddings in qdrant collection,qdrant.vectors
store text embeddings generated by openai into qdrant,qdrant.integration
monitor qdrant metrics using prometheus,qdrant.monitoring
secure qdrant instance with api key authentication,qdrant.security
enable tls encryption in qdrant deployment,qdrant.security
migrate data from one qdrant instance to another,qdrant.migration
tune memory usage for large dataset in qdrant,qdrant.performance
configure storage persistence in qdrant,qdrant.storage
deploy qdrant on kubernetes cluster,qdrant.deployment
difference between shard and replica in qdrant,qdrant.clustering
set consistency level in qdrant distributed setup,qdrant.clustering
use must should and must_not filters in qdrant query,qdrant.search
paginate search results using scroll api in qdrant,qdrant.api
troubleshoot connection refused error in qdrant client,qdrant.troubleshooting
handle timeout configuration in qdrant client,qdrant.configuration
rebuild vector index in qdrant collection,qdrant.maintenance
configure optimizer settings in qdrant collection,qdrant.performance
hybrid search with dense and sparse vectors in qdrant,qdrant.search
store user metadata as payload in qdrant,qdrant.payload
benchmark qdrant against other vector databases,qdrant.comparison
real time vector updates in qdrant database,qdrant.operations
create multi vector collection in qdrant,qdrant.collections
configure quantization for memory optimization in qdrant,qdrant.performance
implement semantic caching layer using qdrant,qdrant.usecase
explain qdrant architecture and storage engine,qdrant.storage
how to run qdrant in standalone mode,qdrant.setup
configure environment variables for qdrant server,qdrant.configuration
set custom port for qdrant service,qdrant.configuration
create collection with multiple vector fields in qdrant,qdrant.collections
list all collections in qdrant instance,qdrant.collections
get collection info and statistics in qdrant,qdrant.collections
check health status endpoint in qdrant,qdrant.monitoring
configure read and write consistency in qdrant cluster,qdrant.clustering
add new shard to existing qdrant collection,qdrant.scaling
increase replica count in qdrant cluster,qdrant.scaling
perform nearest neighbor search with top k in qdrant,qdrant.search
search with score threshold in qdrant,qdrant.search
combine vector similarity and payload filter in qdrant,qdrant.search
store json payload data in qdrant point,qdrant.payload
index keyword field for filtering in qdrant,qdrant.payload
remove payload field from existing points in qdrant,qdrant.operations
overwrite existing vector point in qdrant,qdrant.operations
difference between upsert and update in qdrant,qdrant.operations
enable on disk storage mode in qdrant,qdrant.storage
analyze disk usage of qdrant collections,qdrant.storage
set hnsw ef_search parameter in qdrant,qdrant.performance
configure optimizer vacuum settings in qdrant,qdrant.performance
apply scalar quantization in qdrant collection,qdrant.performance
deploy qdrant using helm chart on kubernetes,qdrant.deployment
set up high availability qdrant cluster,qdrant.clustering
secure qdrant behind reverse proxy with nginx,qdrant.security
restrict network access to qdrant instance,qdrant.security
migrate vectors from pinecone to qdrant,qdrant.migration
export collection data from qdrant to file,qdrant.migration
implement document search pipeline using qdrant,qdrant.usecase
build chatbot memory with qdrant vector store,qdrant.usecase
store conversation history embeddings in qdrant,qdrant.usecase
connect qdrant with fastapi and dependency injection,qdrant.integration
use qdrant as retriever in rag architecture,qdrant.integration
handle grpc connection error in qdrant client,qdrant.troubleshooting
fix collection not found error in qdrant,qdrant.troubleshooting
optimize large batch ingestion in qdrant,qdrant.performance
stream large search results using scroll in qdrant,qdrant.api
configure max request size in qdrant server,qdrant.configuration
explain internal architecture of qdrant cluster,qdrant.storage
compare qdrant and milvus for vector search,qdrant.comparison
store time series embeddings in qdrant,qdrant.vectors
use qdrant for anomaly detection with embeddings,qdrant.usecase
configure logging level in qdrant server,qdrant.monitoring
enable cors settings for qdrant api,qdrant.configuration
create payload index after collection creation in qdrant,qdrant.payload
perform geo filtering with payload fields in qdrant,qdrant.search
set collection replication factor during creation in qdrant,qdrant.collections
automate qdrant deployment using terraform,qdrant.deployment
diagnose slow query performance in qdrant,qdrant.troubleshooting
how to configure snapshot schedule in qdrant,qdrant.backup
automate snapshot upload to cloud storage in qdrant,qdrant.backup
restore specific shard from snapshot in qdrant,qdrant.backup
configure wal settings in qdrant,qdrant.configuration
tune write ahead log performance in qdrant,qdrant.performance
understand segment structure in qdrant storage,qdrant.storage
compact segments manually in qdrant,qdrant.maintenance
check optimizer status in qdrant collection,qdrant.monitoring
enable distributed mode in qdrant,qdrant.clustering
configure peer to peer communication in qdrant cluster,qdrant.clustering
implement multi tenancy in qdrant,qdrant.usecase
separate collections per tenant in qdrant,qdrant.usecase
apply field level filtering in qdrant search,qdrant.search
use nested payload structures in qdrant,qdrant.payload
filter by boolean payload field in qdrant,qdrant.search
search by geo radius in qdrant,qdrant.search
combine multiple vector queries in qdrant,qdrant.search
use reranking after qdrant similarity search,qdrant.usecase
store sparse embeddings in qdrant,qdrant.vectors
configure sparse vector index in qdrant,qdrant.vectors
benchmark ingestion throughput in qdrant,qdrant.performance
analyze query latency in qdrant,qdrant.monitoring
set memory limit for qdrant container,qdrant.configuration
connect qdrant using grpc protocol,qdrant.api
secure grpc communication in qdrant,qdrant.security
handle partial failures in qdrant cluster writes,qdrant.clustering
update vector dimension in existing qdrant collection,qdrant.collections
clone collection in qdrant,qdrant.collections
configure rate limiting for qdrant api,qdrant.security
monitor disk io usage in qdrant,qdrant.monitoring
enable telemetry in qdrant,qdrant.monitoring
integrate qdrant with airflow pipeline,qdrant.integration
store product catalog embeddings in qdrant,qdrant.usecase
build semantic faq search using qdrant,qdrant.usecase
configure max connections in qdrant server,qdrant.configuration
delete entire collection in qdrant,qdrant.operations
retrieve point by id in qdrant,qdrant.operations
compare qdrant with weaviate,qdrant.comparison
store audio embeddings in qdrant,qdrant.vectors
handle schema evolution in qdrant payload,qdrant.payload
configure shard transfer between nodes in qdrant,qdrant.clustering
run qdrant in read only mode,qdrant.configuration
optimize ef_construct parameter in qdrant,qdrant.performance
enable debug logs in qdrant,qdrant.monitoring
test failover in qdrant cluster,qdrant.clustering
handle large payload objects in qdrant,qdrant.payload
configure backup retention policy in qdrant,qdrant.backup
migrate from elasticsearch to qdrant for vector search,qdrant.migration
use qdrant in microservices architecture,qdrant.integration
understand qdrant segment optimizer lifecycle,qdrant.storage
configure async client in qdrant python sdk,qdrant.integration
handle concurrent writes in qdrant,qdrant.performance
implement vector deduplication in qdrant,qdrant.usecase
track collection size growth in qdrant,qdrant.monitoring
enable compression in qdrant storage,qdrant.storage
store embeddings from bert model into qdrant,qdrant.integration
implement cold start strategy with qdrant,qdrant.usecase
compare indexing speed between qdrant and milvus,qdrant.comparison
configure distributed consensus in qdrant,qdrant.clustering
handle rolling updates in qdrant cluster,qdrant.clustering
optimize search accuracy vs speed tradeoff in qdrant,qdrant.performance
store multilingual embeddings in qdrant,qdrant.vectors
filter by date range payload in qdrant,qdrant.search
configure http keep alive in qdrant,qdrant.configuration
protect qdrant with basic authentication,qdrant.security
rotate api keys in qdrant cloud,qdrant.security
use qdrant as vector cache layer,qdrant.usecase
implement similarity threshold alert in qdrant,qdrant.usecase
check replication lag in qdrant cluster,qdrant.monitoring
increase search throughput in qdrant,qdrant.performance
understand raft protocol usage in qdrant,qdrant.clustering
backup qdrant data to s3 compatible storage,qdrant.backup
deploy qdrant with docker swarm,qdrant.deployment
analyze memory fragmentation in qdrant,qdrant.performance
migrate qdrant data between environments,qdrant.migration
index high dimensional vectors efficiently in qdrant,qdrant.performance
configure max payload size in qdrant,qdrant.configuration
search across multiple collections in qdrant,qdrant.search
implement vector versioning in qdrant,qdrant.usecase
configure cluster bootstrap node in qdrant,qdrant.clustering
export qdrant metrics to grafana,qdrant.monitoring
handle network partition in qdrant cluster,qdrant.clustering
tune search batch size in qdrant,qdrant.performance
secure qdrant using firewall rules,qdrant.security
configure storage path for qdrant data,qdrant.configuration
detect corrupted segments in qdrant,qdrant.troubleshooting
reindex collection in qdrant,qdrant.maintenance
implement semantic product search with qdrant,qdrant.usecase
optimize disk based indexing in qdrant,qdrant.storage
monitor cpu usage of qdrant service,qdrant.monitoring
configure tls certificates in qdrant server,qdrant.security
compare qdrant and pinecone pricing model,qdrant.comparison
enable strict mode validation in qdrant,qdrant.configuration
store hierarchical category payload in qdrant,qdrant.payload
implement cross region replication in qdrant,qdrant.clustering
test search accuracy with recall metrics in qdrant,qdrant.performance
configure max shard size in qdrant,qdrant.scaling
use qdrant with stream processing pipeline,qdrant.integration
handle disk full error in qdrant,qdrant.troubleshooting
understand qdrant memory mapping mechanism,qdrant.storage
